camera_type,camera_ref,camera_name,content_ref,sha256,old_case_folder,new_case_folder,shared_camera
text,m001,orbiting_right,c001,5623d99dd26138f62340740a3cc014eab908723426521a8a3c3de48bbfae5900,video/demos/text/video/01_orbiting_right_c001,video/demos/text/video/01_m001_c001,video/cameras/text/m001_orbiting_right.txt
text,m001,orbiting_right,c004,5623d99dd26138f62340740a3cc014eab908723426521a8a3c3de48bbfae5900,video/demos/text/video/24_orbiting_right_c004,video/demos/text/video/24_m001_c004,video/cameras/text/m001_orbiting_right.txt
text,m001,orbiting_right,,5623d99dd26138f62340740a3cc014eab908723426521a8a3c3de48bbfae5900,video/demos/text/video/40_orbiting_right,video/demos/text/video/40_m001,video/cameras/text/m001_orbiting_right.txt
text,m001,orbiting_right,,5623d99dd26138f62340740a3cc014eab908723426521a8a3c3de48bbfae5900,video/demos/text/video/41_orbiting_right,video/demos/text/video/41_m001,video/cameras/text/m001_orbiting_right.txt
text,m001,orbiting_right,,5623d99dd26138f62340740a3cc014eab908723426521a8a3c3de48bbfae5900,video/demos/text/video/42_orbiting_right,video/demos/text/video/42_m001,video/cameras/text/m001_orbiting_right.txt
text,m002,orbiting_right_down,,8ed4268802cd9b9ccb730e1387f5ef208826ff0f35063281a688560018115aa9,video/demos/text/text/01_orbiting_right_down,video/demos/text/text/01_m002,video/cameras/text/m002_orbiting_right_down.txt
text,m002,orbiting_right_down,,8ed4268802cd9b9ccb730e1387f5ef208826ff0f35063281a688560018115aa9,video/demos/text/text/02_orbiting_right_down,video/demos/text/text/02_m002,video/cameras/text/m002_orbiting_right_down.txt
text,m002,orbiting_right_down,,8ed4268802cd9b9ccb730e1387f5ef208826ff0f35063281a688560018115aa9,video/demos/text/text/03_orbiting_right_down,video/demos/text/text/03_m002,video/cameras/text/m002_orbiting_right_down.txt
text,m002,orbiting_right_down,,8ed4268802cd9b9ccb730e1387f5ef208826ff0f35063281a688560018115aa9,video/demos/text/text/15_orbiting_right_down,video/demos/text/text/15_m002,video/cameras/text/m002_orbiting_right_down.txt
text,m002,orbiting_right_down,,8ed4268802cd9b9ccb730e1387f5ef208826ff0f35063281a688560018115aa9,video/demos/text/text/20_orbiting_right_down,video/demos/text/text/20_m002,video/cameras/text/m002_orbiting_right_down.txt
text,m003,truck_right,c001,85f5ea3a5e80d472dab315c48ebd8acb862933ed5c1e4d710c14271c917e4a6f,video/demos/text/image/01_truck_right_c001,video/demos/text/image/01_m003_c001,video/cameras/text/m003_truck_right.txt
text,m003,truck_right,c001,85f5ea3a5e80d472dab315c48ebd8acb862933ed5c1e4d710c14271c917e4a6f,video/demos/text/video/06_truck_right_c001,video/demos/text/video/06_m003_c001,video/cameras/text/m003_truck_right.txt
text,m003,truck_right,c004,85f5ea3a5e80d472dab315c48ebd8acb862933ed5c1e4d710c14271c917e4a6f,video/demos/text/video/21_truck_right_c004,video/demos/text/video/21_m003_c004,video/cameras/text/m003_truck_right.txt
text,m004,orbiting_left,c001,2488deab703edf4327eeb5659e9ead5cf1f1b1f9833ab3c04db96644a18b5eb5,video/demos/text/video/02_orbiting_left_c001,video/demos/text/video/02_m004_c001,video/cameras/text/m004_orbiting_left.txt
text,m004,orbiting_left,c004,2488deab703edf4327eeb5659e9ead5cf1f1b1f9833ab3c04db96644a18b5eb5,video/demos/text/video/22_orbiting_left_c004,video/demos/text/video/22_m004_c004,video/cameras/text/m004_orbiting_left.txt
text,m005,truck_left,c001,175f90d80cda6dd1a7dbde58c82fa89b0b8edae4a079fda8306b50d39ce83ffe,video/demos/text/image/02_truck_left_c001,video/demos/text/image/02_m005_c001,video/cameras/text/m005_truck_left.txt
text,m005,truck_left,c011,175f90d80cda6dd1a7dbde58c82fa89b0b8edae4a079fda8306b50d39ce83ffe,video/demos/text/image/13_truck_left_c011,video/demos/text/image/13_m005_c011,video/cameras/text/m005_truck_left.txt
text,m005,truck_left,c012,175f90d80cda6dd1a7dbde58c82fa89b0b8edae4a079fda8306b50d39ce83ffe,video/demos/text/image/14_truck_left_c012,video/demos/text/image/14_m005_c012,video/cameras/text/m005_truck_left.txt
text,m005,truck_left,c013,175f90d80cda6dd1a7dbde58c82fa89b0b8edae4a079fda8306b50d39ce83ffe,video/demos/text/image/15_truck_left_c013,video/demos/text/image/15_m005_c013,video/cameras/text/m005_truck_left.txt
text,m005,truck_left,c004,175f90d80cda6dd1a7dbde58c82fa89b0b8edae4a079fda8306b50d39ce83ffe,video/demos/text/video/19_truck_left_c004,video/demos/text/video/19_m005_c004,video/cameras/text/m005_truck_left.txt
text,m006,roll_clockwise,c001,9fcdb0da69180fdeb7e3da08d949dfdfd8f5f07cbfb39132f29813f5e7b8ce7b,video/demos/text/video/03_roll_clockwise_c001,video/demos/text/video/03_m006_c001,video/cameras/text/m006_roll_clockwise.txt
text,m006,roll_clockwise,c004,9fcdb0da69180fdeb7e3da08d949dfdfd8f5f07cbfb39132f29813f5e7b8ce7b,video/demos/text/video/16_roll_clockwise_c004,video/demos/text/video/16_m006_c004,video/cameras/text/m006_roll_clockwise.txt
text,m007,zoom_in,c001,3607ee804641eff57f861efa8323d2cca36bbb1dfda3824b3816b0935856894c,video/demos/text/image/03_zoom_in_c001,video/demos/text/image/03_m007_c001,video/cameras/text/m007_zoom_in.txt
text,m007,zoom_in,c002,3607ee804641eff57f861efa8323d2cca36bbb1dfda3824b3816b0935856894c,video/demos/text/image/05_zoom_in_c002,video/demos/text/image/05_m007_c002,video/cameras/text/m007_zoom_in.txt
text,m007,zoom_in,c019,3607ee804641eff57f861efa8323d2cca36bbb1dfda3824b3816b0935856894c,video/demos/text/image/19_zoom_in_c019,video/demos/text/image/19_m007_c019,video/cameras/text/m007_zoom_in.txt
text,m007,zoom_in,c022,3607ee804641eff57f861efa8323d2cca36bbb1dfda3824b3816b0935856894c,video/demos/text/image/20_zoom_in_c022,video/demos/text/image/20_m007_c022,video/cameras/text/m007_zoom_in.txt
text,m007,zoom_in,c025,3607ee804641eff57f861efa8323d2cca36bbb1dfda3824b3816b0935856894c,video/demos/text/image/21_zoom_in_c025,video/demos/text/image/21_m007_c025,video/cameras/text/m007_zoom_in.txt
text,m007,zoom_in,c032,3607ee804641eff57f861efa8323d2cca36bbb1dfda3824b3816b0935856894c,video/demos/text/image/28_zoom_in_c032,video/demos/text/image/28_m007_c032,video/cameras/text/m007_zoom_in.txt
text,m008,arc_left,c002,3a71978326b6a632876e4ea27f22d94d6e8fc0938ffeb068e7422949d2106a3c,video/demos/text/image/04_arc_left_c002,video/demos/text/image/04_m008_c002,video/cameras/text/m008_arc_left.txt
text,m009,roll_counterclockwise,c001,7ae59705f1b20d94fbcd155f5c198a0ffad90cf41bd944dce8f03e4e44defa12,video/demos/text/video/04_roll_counterclockwise_c001,video/demos/text/video/04_m009_c001,video/cameras/text/m009_roll_counterclockwise.txt
text,m009,roll_counterclockwise,c004,7ae59705f1b20d94fbcd155f5c198a0ffad90cf41bd944dce8f03e4e44defa12,video/demos/text/video/23_roll_counterclockwise_c004,video/demos/text/video/23_m009_c004,video/cameras/text/m009_roll_counterclockwise.txt
text,m009,roll_counterclockwise,,7ae59705f1b20d94fbcd155f5c198a0ffad90cf41bd944dce8f03e4e44defa12,video/demos/text/video/33_roll_counterclockwise,video/demos/text/video/33_m009,video/cameras/text/m009_roll_counterclockwise.txt
text,m009,roll_counterclockwise,,7ae59705f1b20d94fbcd155f5c198a0ffad90cf41bd944dce8f03e4e44defa12,video/demos/text/video/34_roll_counterclockwise,video/demos/text/video/34_m009,video/cameras/text/m009_roll_counterclockwise.txt
text,m009,roll_counterclockwise,,7ae59705f1b20d94fbcd155f5c198a0ffad90cf41bd944dce8f03e4e44defa12,video/demos/text/video/35_roll_counterclockwise,video/demos/text/video/35_m009,video/cameras/text/m009_roll_counterclockwise.txt
text,m009,roll_counterclockwise,,7ae59705f1b20d94fbcd155f5c198a0ffad90cf41bd944dce8f03e4e44defa12,video/demos/text/video/36_roll_counterclockwise,video/demos/text/video/36_m009,video/cameras/text/m009_roll_counterclockwise.txt
text,m010,arc_left_up,c001,9c79ee5a13e770ee2830951f1a08f907d8b9bf5786175b9d5781cdb4edaad5b1,video/demos/text/video/05_arc_left_up_c001,video/demos/text/video/05_m010_c001,video/cameras/text/m010_arc_left_up.txt
text,m011,zoom_out,c002,e6e7d29bd010333da634748812725394bff04bd11942670466efb46b091db9d8,video/demos/text/image/06_zoom_out_c002,video/demos/text/image/06_m011_c002,video/cameras/text/m011_zoom_out.txt
text,m012,dolly_in,c001,996410079b380ce9cd6f39066f2603e613be2bc44c3257f3fd865c8f9402a482,video/demos/text/video/07_dolly_in_c001,video/demos/text/video/07_m012_c001,video/cameras/text/m012_dolly_in.txt
text,m013,pan_right,c004,a8305ca1bd4b1ed5c80b331b15ad585020a0f87caad43ce14eed7e7bcb463411,video/demos/text/image/07_pan_right_c004,video/demos/text/image/07_m013_c004,video/cameras/text/m013_pan_right.txt
text,m013,pan_right,c006,a8305ca1bd4b1ed5c80b331b15ad585020a0f87caad43ce14eed7e7bcb463411,video/demos/text/image/08_pan_right_c006,video/demos/text/image/08_m013_c006,video/cameras/text/m013_pan_right.txt
text,m013,pan_right,c007,a8305ca1bd4b1ed5c80b331b15ad585020a0f87caad43ce14eed7e7bcb463411,video/demos/text/image/09_pan_right_c007,video/demos/text/image/09_m013_c007,video/cameras/text/m013_pan_right.txt
text,m013,pan_right,,a8305ca1bd4b1ed5c80b331b15ad585020a0f87caad43ce14eed7e7bcb463411,video/demos/text/text/17_pan_right,video/demos/text/text/17_m013,video/cameras/text/m013_pan_right.txt
text,m013,pan_right,c004,a8305ca1bd4b1ed5c80b331b15ad585020a0f87caad43ce14eed7e7bcb463411,video/demos/text/video/20_pan_right_c004,video/demos/text/video/20_m013_c004,video/cameras/text/m013_pan_right.txt
text,m014,dolly_out,c001,a1a150117ef7e65f4029e7782735363acf6373f582f256c527fa8f9c4cd1bd5c,video/demos/text/video/08_dolly_out_c001,video/demos/text/video/08_m014_c001,video/cameras/text/m014_dolly_out.txt
text,m015,tilt_up,c001,67550d4e570dff4f7d837e137d4fe441144c1bf48c5740e51d79b4e592ee5f8c,video/demos/text/video/09_tilt_up_c001,video/demos/text/video/09_m015_c001,video/cameras/text/m015_tilt_up.txt
text,m016,boom_up_truck_left,,d98a680e91f1eeabe9d8c3b2d5a9a85c7e73ff35c309357cb5372d139c70cbbd,video/demos/text/text/10_boom_up_truck_left,video/demos/text/text/10_m016,video/cameras/text/m016_boom_up_truck_left.txt
text,m016,boom_up_truck_left,c001,d98a680e91f1eeabe9d8c3b2d5a9a85c7e73ff35c309357cb5372d139c70cbbd,video/demos/text/video/11_boom_up_truck_left_c001,video/demos/text/video/11_m016_c001,video/cameras/text/m016_boom_up_truck_left.txt
text,m017,pan_left,c001,2b072589cbfd65e20ae865524b12b01e02c4a3f2e6b4049de194ff7f9ea79d88,video/demos/text/video/10_pan_left_c001,video/demos/text/video/10_m017_c001,video/cameras/text/m017_pan_left.txt
text,m017,pan_left,c004,2b072589cbfd65e20ae865524b12b01e02c4a3f2e6b4049de194ff7f9ea79d88,video/demos/text/video/15_pan_left_c004,video/demos/text/video/15_m017_c004,video/cameras/text/m017_pan_left.txt
text,m017,pan_left,,2b072589cbfd65e20ae865524b12b01e02c4a3f2e6b4049de194ff7f9ea79d88,video/demos/text/text/16_pan_left,video/demos/text/text/16_m017,video/cameras/text/m017_pan_left.txt
text,m018,pan_left_tilt_up,,868aee8855f78e6d7bb38a4cef8b67469987c628a7a332c15d78e47b2bca14c8,video/demos/text/text/11_pan_left_tilt_up,video/demos/text/text/11_m018,video/cameras/text/m018_pan_left_tilt_up.txt
text,m019,arc_right_down,c001,15ac1b3009569f242d0cf74bd4f4c0b372f84f8076c170b6343492887cb57f64,video/demos/text/video/12_arc_right_down_c001,video/demos/text/video/12_m019_c001,video/cameras/text/m019_arc_right_down.txt
text,m019,arc_right_down,c004,15ac1b3009569f242d0cf74bd4f4c0b372f84f8076c170b6343492887cb57f64,video/demos/text/video/17_arc_right_down_c004,video/demos/text/video/17_m019_c004,video/cameras/text/m019_arc_right_down.txt
text,m020,boom_down_truck_left,,d9093cfcd6ecd8914933982898a4fb07ec990cba1215337944edf02011c2d254,video/demos/text/text/12_boom_down_truck_left,video/demos/text/text/12_m020,video/cameras/text/m020_boom_down_truck_left.txt
text,m021,boom_up_tilt_down,c004,14e6cfd8807afaee27d9e8f32919589332a092b111faf87482ae897b219b6933,video/demos/text/video/13_boom_up_tilt_down_c004,video/demos/text/video/13_m021_c004,video/cameras/text/m021_boom_up_tilt_down.txt
text,m022,orbiting_left_down,,e0b56f0c10507ceed9b425554e344b4ada80af1b767ebafc045572a9b25c6356,video/demos/text/text/13_orbiting_left_down,video/demos/text/text/13_m022,video/cameras/text/m022_orbiting_left_down.txt
text,m023,arc_left_up,c004,a67911d87d92acb35144c92c08ca4c0fb0468c2ed008772d6e88f6a16f8bec41,video/demos/text/video/14_arc_left_up_c004,video/demos/text/video/14_m023_c004,video/cameras/text/m023_arc_left_up.txt
text,m024,arc_right,,c79cf211653affcc5271a39cda472bdb77c291961708ea08d9d0af8f9c3feb38,video/demos/text/text/14_arc_right,video/demos/text/text/14_m024,video/cameras/text/m024_arc_right.txt
text,m025,arc_left_down,c004,2131df6754e969e81b6f6245e1de0a17d96352cfa24eb028fdf882a98efddd47,video/demos/text/video/18_arc_left_down_c004,video/demos/text/video/18_m025_c004,video/cameras/text/m025_arc_left_down.txt
text,m026,boom_up_pan_left,,bb1caa1baa0f21ab8c1deea0f15ad82af89519c0e088b3fd03626411fcb1665e,video/demos/text/text/18_boom_up_pan_left,video/demos/text/text/18_m026,video/cameras/text/m026_boom_up_pan_left.txt
text,m026,boom_up_pan_left,,bb1caa1baa0f21ab8c1deea0f15ad82af89519c0e088b3fd03626411fcb1665e,video/demos/text/text/19_boom_up_pan_left,video/demos/text/text/19_m026,video/cameras/text/m026_boom_up_pan_left.txt
text,m026,boom_up_pan_left,,bb1caa1baa0f21ab8c1deea0f15ad82af89519c0e088b3fd03626411fcb1665e,video/demos/text/text/21_boom_up_pan_left,video/demos/text/text/21_m026,video/cameras/text/m026_boom_up_pan_left.txt
text,m027,truck_right_tilt_up,,0cceaff75e267a72e08e9cdbc201ea7cf3722da3dc2279489fa9b24d4c9d4151,video/demos/text/text/22_truck_right_tilt_up,video/demos/text/text/22_m027,video/cameras/text/m027_truck_right_tilt_up.txt
text,m028,truck_left_and_tilt_down,,3d4cd496675e6aa23575e074f6fb13bdc0650f5de6ad20253b54c0eedd40c20e,video/demos/text/text/23_truck_left_and_tilt_down,video/demos/text/text/23_m028,video/cameras/text/m028_truck_left_and_tilt_down.txt
text,m029,arc_right,c029,d61669c0deda1b4d9941d100e6cd28754afaed8e4b2f9a13779d18904d961507,video/demos/text/image/25_arc_right_c029,video/demos/text/image/25_m029_c029,video/cameras/text/m029_arc_right.txt
text,m029,arc_right,c033,d61669c0deda1b4d9941d100e6cd28754afaed8e4b2f9a13779d18904d961507,video/demos/text/image/29_arc_right_c033,video/demos/text/image/29_m029_c033,video/cameras/text/m029_arc_right.txt
text,m030,boom_up_tilt_down,c030,cc787ba369bfbfc231dc59cf0e6e6905e0e3e6faa91c099d38c64f81085b303c,video/demos/text/image/26_boom_up_tilt_down_c030,video/demos/text/image/26_m030_c030,video/cameras/text/m030_boom_up_tilt_down.txt
text,m031,tilt_down,c031,a3ede731ed3398045f551a9f5fee53b7b2055ba6e5340f2dbe995ef95d1028dc,video/demos/text/image/27_tilt_down_c031,video/demos/text/image/27_m031_c031,video/cameras/text/m031_tilt_down.txt
text,m032,orbiting_right_up,,c7125b8a1a3171336b0e3b5492e585ae0f8dabb1a57e519257ac8eb986d8073f,video/demos/text/video/30_orbiting_right_up,video/demos/text/video/30_m032,video/cameras/text/m032_orbiting_right_up.txt
text,m032,orbiting_right_up,,c7125b8a1a3171336b0e3b5492e585ae0f8dabb1a57e519257ac8eb986d8073f,video/demos/text/video/31_orbiting_right_up,video/demos/text/video/31_m032,video/cameras/text/m032_orbiting_right_up.txt
text,m032,orbiting_right_up,,c7125b8a1a3171336b0e3b5492e585ae0f8dabb1a57e519257ac8eb986d8073f,video/demos/text/video/32_orbiting_right_up,video/demos/text/video/32_m032,video/cameras/text/m032_orbiting_right_up.txt
text,m033,truck_right,c034,960378ccd92519c32c3805983a9fafe614740a4c6b7a0d9707e4c80e22c453bf,video/demos/text/image/30_truck_right_c034,video/demos/text/image/30_m033_c034,video/cameras/text/m033_truck_right.txt
text,m034,orbiting_left_up,,06a1e95c91da8a007bde65933782a08c9cb6d4363de2385278fe16ffd48ce4bc,video/demos/text/video/43_orbiting_left_up,video/demos/text/video/43_m034,video/cameras/text/m034_orbiting_left_up.txt
text,m034,orbiting_left_up,,06a1e95c91da8a007bde65933782a08c9cb6d4363de2385278fe16ffd48ce4bc,video/demos/text/video/44_orbiting_left_up,video/demos/text/video/44_m034,video/cameras/text/m034_orbiting_left_up.txt
text,m034,orbiting_left_up,,06a1e95c91da8a007bde65933782a08c9cb6d4363de2385278fe16ffd48ce4bc,video/demos/text/video/45_orbiting_left_up,video/demos/text/video/45_m034,video/cameras/text/m034_orbiting_left_up.txt
text,m034,orbiting_left_up,,06a1e95c91da8a007bde65933782a08c9cb6d4363de2385278fe16ffd48ce4bc,video/demos/text/video/46_orbiting_left_up,video/demos/text/video/46_m034,video/cameras/text/m034_orbiting_left_up.txt
trajectory,m001,trajectory_motion,c001,974ebdf794e31f0525bd6a608fbc5f46a770daf72cad963be2c1ccd6cf6aacee,video/demos/trajectory/video/01_slide_7_case_1_c001,video/demos/trajectory/video/01_m001_c001,video/cameras/trajectory/m001_trajectory_motion.png
trajectory,m001,trajectory_motion,,974ebdf794e31f0525bd6a608fbc5f46a770daf72cad963be2c1ccd6cf6aacee,video/demos/trajectory/text/04_slide_31_case_4,video/demos/trajectory/text/04_m001,video/cameras/trajectory/m001_trajectory_motion.png
trajectory,m001,trajectory_motion,,974ebdf794e31f0525bd6a608fbc5f46a770daf72cad963be2c1ccd6cf6aacee,video/demos/trajectory/text/05_slide_31_case_5,video/demos/trajectory/text/05_m001,video/cameras/trajectory/m001_trajectory_motion.png
trajectory,m001,trajectory_motion,,974ebdf794e31f0525bd6a608fbc5f46a770daf72cad963be2c1ccd6cf6aacee,video/demos/trajectory/text/06_slide_31_case_6,video/demos/trajectory/text/06_m001,video/cameras/trajectory/m001_trajectory_motion.png
trajectory,m001,trajectory_motion,c002,974ebdf794e31f0525bd6a608fbc5f46a770daf72cad963be2c1ccd6cf6aacee,video/demos/trajectory/video/09_slide_8_case_9_c002,video/demos/trajectory/video/09_m001_c002,video/cameras/trajectory/m001_trajectory_motion.png
trajectory,m001,trajectory_motion,c005,974ebdf794e31f0525bd6a608fbc5f46a770daf72cad963be2c1ccd6cf6aacee,video/demos/trajectory/image/09_slide_21_case_9_c005,video/demos/trajectory/image/09_m001_c005,video/cameras/trajectory/m001_trajectory_motion.png
trajectory,m001,trajectory_motion,c005,974ebdf794e31f0525bd6a608fbc5f46a770daf72cad963be2c1ccd6cf6aacee,video/demos/trajectory/video/22_slide_10_case_22_c005,video/demos/trajectory/video/22_m001_c005,video/cameras/trajectory/m001_trajectory_motion.png
trajectory,m001,trajectory_motion,c012,974ebdf794e31f0525bd6a608fbc5f46a770daf72cad963be2c1ccd6cf6aacee,video/demos/trajectory/video/23_slide_10_case_23_c012,video/demos/trajectory/video/23_m001_c012,video/cameras/trajectory/m001_trajectory_motion.png
trajectory,m002,trajectory_motion,c001,57f8688094db392e7424136b0451a5e7314bd32ea7f28de3b088c1b7ec50fbda,video/demos/trajectory/image/01_slide_21_case_1_c001,video/demos/trajectory/image/01_m002_c001,video/cameras/trajectory/m002_trajectory_motion.png
trajectory,m002,trajectory_motion,,57f8688094db392e7424136b0451a5e7314bd32ea7f28de3b088c1b7ec50fbda,video/demos/trajectory/text/01_slide_31_case_1,video/demos/trajectory/text/01_m002,video/cameras/trajectory/m002_trajectory_motion.png
trajectory,m002,trajectory_motion,c001,57f8688094db392e7424136b0451a5e7314bd32ea7f28de3b088c1b7ec50fbda,video/demos/trajectory/video/02_slide_7_case_2_c001,video/demos/trajectory/video/02_m002_c001,video/cameras/trajectory/m002_trajectory_motion.png
trajectory,m002,trajectory_motion,,57f8688094db392e7424136b0451a5e7314bd32ea7f28de3b088c1b7ec50fbda,video/demos/trajectory/text/02_slide_31_case_2,video/demos/trajectory/text/02_m002,video/cameras/trajectory/m002_trajectory_motion.png
trajectory,m002,trajectory_motion,,57f8688094db392e7424136b0451a5e7314bd32ea7f28de3b088c1b7ec50fbda,video/demos/trajectory/text/03_slide_31_case_3,video/demos/trajectory/text/03_m002,video/cameras/trajectory/m002_trajectory_motion.png
trajectory,m002,trajectory_motion,c003,57f8688094db392e7424136b0451a5e7314bd32ea7f28de3b088c1b7ec50fbda,video/demos/trajectory/image/04_slide_21_case_4_c003,video/demos/trajectory/image/04_m002_c003,video/cameras/trajectory/m002_trajectory_motion.png
trajectory,m002,trajectory_motion,c003,57f8688094db392e7424136b0451a5e7314bd32ea7f28de3b088c1b7ec50fbda,video/demos/trajectory/image/05_slide_21_case_5_c003,video/demos/trajectory/image/05_m002_c003,video/cameras/trajectory/m002_trajectory_motion.png
trajectory,m002,trajectory_motion,c005,57f8688094db392e7424136b0451a5e7314bd32ea7f28de3b088c1b7ec50fbda,video/demos/trajectory/image/07_slide_21_case_7_c005,video/demos/trajectory/image/07_m002_c005,video/cameras/trajectory/m002_trajectory_motion.png
trajectory,m002,trajectory_motion,c005,57f8688094db392e7424136b0451a5e7314bd32ea7f28de3b088c1b7ec50fbda,video/demos/trajectory/image/08_slide_21_case_8_c005,video/demos/trajectory/image/08_m002_c005,video/cameras/trajectory/m002_trajectory_motion.png
trajectory,m002,trajectory_motion,c003,57f8688094db392e7424136b0451a5e7314bd32ea7f28de3b088c1b7ec50fbda,video/demos/trajectory/video/24_slide_10_case_24_c003,video/demos/trajectory/video/24_m002_c003,video/cameras/trajectory/m002_trajectory_motion.png
trajectory,m002,trajectory_motion,c002,57f8688094db392e7424136b0451a5e7314bd32ea7f28de3b088c1b7ec50fbda,video/demos/trajectory/video/25_slide_10_case_25_c002,video/demos/trajectory/video/25_m002_c002,video/cameras/trajectory/m002_trajectory_motion.png
trajectory,m003,trajectory_motion,c001,f7e9cf58ae738071be64c9d1c2824386519087a6301cecdf01424223f9df28e0,video/demos/trajectory/image/02_slide_21_case_2_c001,video/demos/trajectory/image/02_m003_c001,video/cameras/trajectory/m003_trajectory_motion.png
trajectory,m003,trajectory_motion,c001,f7e9cf58ae738071be64c9d1c2824386519087a6301cecdf01424223f9df28e0,video/demos/trajectory/video/03_slide_7_case_3_c001,video/demos/trajectory/video/03_m003_c001,video/cameras/trajectory/m003_trajectory_motion.png
trajectory,m003,trajectory_motion,c001,f7e9cf58ae738071be64c9d1c2824386519087a6301cecdf01424223f9df28e0,video/demos/trajectory/image/03_slide_21_case_3_c001,video/demos/trajectory/image/03_m003_c001,video/cameras/trajectory/m003_trajectory_motion.png
trajectory,m003,trajectory_motion,c003,f7e9cf58ae738071be64c9d1c2824386519087a6301cecdf01424223f9df28e0,video/demos/trajectory/image/06_slide_21_case_6_c003,video/demos/trajectory/image/06_m003_c003,video/cameras/trajectory/m003_trajectory_motion.png
trajectory,m003,trajectory_motion,c008,f7e9cf58ae738071be64c9d1c2824386519087a6301cecdf01424223f9df28e0,video/demos/trajectory/video/16_slide_9_case_16_c008,video/demos/trajectory/video/16_m003_c008,video/cameras/trajectory/m003_trajectory_motion.png
trajectory,m003,trajectory_motion,c009,f7e9cf58ae738071be64c9d1c2824386519087a6301cecdf01424223f9df28e0,video/demos/trajectory/video/17_slide_9_case_17_c009,video/demos/trajectory/video/17_m003_c009,video/cameras/trajectory/m003_trajectory_motion.png
trajectory,m003,trajectory_motion,c002,f7e9cf58ae738071be64c9d1c2824386519087a6301cecdf01424223f9df28e0,video/demos/trajectory/video/18_slide_9_case_18_c002,video/demos/trajectory/video/18_m003_c002,video/cameras/trajectory/m003_trajectory_motion.png
trajectory,m004,trajectory_motion,c001,d9aee32aa05208654e83b02e7cf3521608847714e5dd27093e0191c43d19b787,video/demos/trajectory/video/04_slide_7_case_4_c001,video/demos/trajectory/video/04_m004_c001,video/cameras/trajectory/m004_trajectory_motion.png
trajectory,m004,trajectory_motion,c006,d9aee32aa05208654e83b02e7cf3521608847714e5dd27093e0191c43d19b787,video/demos/trajectory/video/14_slide_9_case_14_c006,video/demos/trajectory/video/14_m004_c006,video/cameras/trajectory/m004_trajectory_motion.png
trajectory,m004,trajectory_motion,c007,d9aee32aa05208654e83b02e7cf3521608847714e5dd27093e0191c43d19b787,video/demos/trajectory/video/15_slide_9_case_15_c007,video/demos/trajectory/video/15_m004_c007,video/cameras/trajectory/m004_trajectory_motion.png
trajectory,m005,trajectory_motion,c002,75518a3b14c1e6a10100da9e85973bea68a180d20eb1756072822ce9e9b999ac,video/demos/trajectory/video/05_slide_8_case_5_c002,video/demos/trajectory/video/05_m005_c002,video/cameras/trajectory/m005_trajectory_motion.png
trajectory,m005,trajectory_motion,,75518a3b14c1e6a10100da9e85973bea68a180d20eb1756072822ce9e9b999ac,video/demos/trajectory/image/13_slide_22_case_13,video/demos/trajectory/image/13_m005,video/cameras/trajectory/m005_trajectory_motion.png
trajectory,m005,trajectory_motion,,75518a3b14c1e6a10100da9e85973bea68a180d20eb1756072822ce9e9b999ac,video/demos/trajectory/image/14_slide_22_case_14,video/demos/trajectory/image/14_m005,video/cameras/trajectory/m005_trajectory_motion.png
trajectory,m005,trajectory_motion,,75518a3b14c1e6a10100da9e85973bea68a180d20eb1756072822ce9e9b999ac,video/demos/trajectory/image/15_slide_22_case_15,video/demos/trajectory/image/15_m005,video/cameras/trajectory/m005_trajectory_motion.png
trajectory,m005,trajectory_motion,,75518a3b14c1e6a10100da9e85973bea68a180d20eb1756072822ce9e9b999ac,video/demos/trajectory/image/16_slide_22_case_16,video/demos/trajectory/image/16_m005,video/cameras/trajectory/m005_trajectory_motion.png
trajectory,m005,trajectory_motion,,75518a3b14c1e6a10100da9e85973bea68a180d20eb1756072822ce9e9b999ac,video/demos/trajectory/image/17_slide_22_case_17,video/demos/trajectory/image/17_m005,video/cameras/trajectory/m005_trajectory_motion.png
trajectory,m006,trajectory_motion,c002,3fe7e861a8244d60191559865fc90ba085b515953fbd4157c4962bc55735a8a4,video/demos/trajectory/video/06_slide_8_case_6_c002,video/demos/trajectory/video/06_m006_c002,video/cameras/trajectory/m006_trajectory_motion.png
trajectory,m006,trajectory_motion,,3fe7e861a8244d60191559865fc90ba085b515953fbd4157c4962bc55735a8a4,video/demos/trajectory/text/07_slide_31_case_7,video/demos/trajectory/text/07_m006,video/cameras/trajectory/m006_trajectory_motion.png
trajectory,m006,trajectory_motion,,3fe7e861a8244d60191559865fc90ba085b515953fbd4157c4962bc55735a8a4,video/demos/trajectory/text/08_slide_31_case_8,video/demos/trajectory/text/08_m006,video/cameras/trajectory/m006_trajectory_motion.png
trajectory,m006,trajectory_motion,,3fe7e861a8244d60191559865fc90ba085b515953fbd4157c4962bc55735a8a4,video/demos/trajectory/text/09_slide_31_case_9,video/demos/trajectory/text/09_m006,video/cameras/trajectory/m006_trajectory_motion.png
trajectory,m006,trajectory_motion,c016,3fe7e861a8244d60191559865fc90ba085b515953fbd4157c4962bc55735a8a4,video/demos/trajectory/image/18_slide_23_case_18_c016,video/demos/trajectory/image/18_m006_c016,video/cameras/trajectory/m006_trajectory_motion.png
trajectory,m006,trajectory_motion,c018,3fe7e861a8244d60191559865fc90ba085b515953fbd4157c4962bc55735a8a4,video/demos/trajectory/image/19_slide_23_case_19_c018,video/demos/trajectory/image/19_m006_c018,video/cameras/trajectory/m006_trajectory_motion.png
trajectory,m007,trajectory_motion,c002,36d75a8bb1873de520190b796a282a89466f177c234063264f877f7c3dd5f108,video/demos/trajectory/video/07_slide_8_case_7_c002,video/demos/trajectory/video/07_m007_c002,video/cameras/trajectory/m007_trajectory_motion.png
trajectory,m008,trajectory_motion,c002,f1ae590bdd25249945d88d1f6c6241f4046eee1e8230f4468268ad70dd9b834f,video/demos/trajectory/video/08_slide_8_case_8_c002,video/demos/trajectory/video/08_m008_c002,video/cameras/trajectory/m008_trajectory_motion.png
trajectory,m008,trajectory_motion,,f1ae590bdd25249945d88d1f6c6241f4046eee1e8230f4468268ad70dd9b834f,video/demos/trajectory/image/10_slide_22_case_10,video/demos/trajectory/image/10_m008,video/cameras/trajectory/m008_trajectory_motion.png
trajectory,m008,trajectory_motion,c003,f1ae590bdd25249945d88d1f6c6241f4046eee1e8230f4468268ad70dd9b834f,video/demos/trajectory/video/11_slide_9_case_11_c003,video/demos/trajectory/video/11_m008_c003,video/cameras/trajectory/m008_trajectory_motion.png
trajectory,m008,trajectory_motion,,f1ae590bdd25249945d88d1f6c6241f4046eee1e8230f4468268ad70dd9b834f,video/demos/trajectory/image/11_slide_22_case_11,video/demos/trajectory/image/11_m008,video/cameras/trajectory/m008_trajectory_motion.png
trajectory,m008,trajectory_motion,c004,f1ae590bdd25249945d88d1f6c6241f4046eee1e8230f4468268ad70dd9b834f,video/demos/trajectory/video/12_slide_9_case_12_c004,video/demos/trajectory/video/12_m008_c004,video/cameras/trajectory/m008_trajectory_motion.png
trajectory,m008,trajectory_motion,,f1ae590bdd25249945d88d1f6c6241f4046eee1e8230f4468268ad70dd9b834f,video/demos/trajectory/image/12_slide_22_case_12,video/demos/trajectory/image/12_m008,video/cameras/trajectory/m008_trajectory_motion.png
trajectory,m008,trajectory_motion,c005,f1ae590bdd25249945d88d1f6c6241f4046eee1e8230f4468268ad70dd9b834f,video/demos/trajectory/video/13_slide_9_case_13_c005,video/demos/trajectory/video/13_m008_c005,video/cameras/trajectory/m008_trajectory_motion.png
trajectory,m009,trajectory_motion,c002,e1113d274d27d3c86d476bd7ef66ade7dd82c18e207254498a2e01b8e9f0f240,video/demos/trajectory/video/10_slide_8_case_10_c002,video/demos/trajectory/video/10_m009_c002,video/cameras/trajectory/m009_trajectory_motion.png
trajectory,m009,trajectory_motion,,e1113d274d27d3c86d476bd7ef66ade7dd82c18e207254498a2e01b8e9f0f240,video/demos/trajectory/text/13_slide_32_case_13,video/demos/trajectory/text/13_m009,video/cameras/trajectory/m009_trajectory_motion.png
trajectory,m009,trajectory_motion,,e1113d274d27d3c86d476bd7ef66ade7dd82c18e207254498a2e01b8e9f0f240,video/demos/trajectory/text/14_slide_32_case_14,video/demos/trajectory/text/14_m009,video/cameras/trajectory/m009_trajectory_motion.png
trajectory,m009,trajectory_motion,,e1113d274d27d3c86d476bd7ef66ade7dd82c18e207254498a2e01b8e9f0f240,video/demos/trajectory/text/15_slide_32_case_15,video/demos/trajectory/text/15_m009,video/cameras/trajectory/m009_trajectory_motion.png
trajectory,m009,trajectory_motion,c020,e1113d274d27d3c86d476bd7ef66ade7dd82c18e207254498a2e01b8e9f0f240,video/demos/trajectory/image/20_slide_23_case_20_c020,video/demos/trajectory/image/20_m009_c020,video/cameras/trajectory/m009_trajectory_motion.png
trajectory,m009,trajectory_motion,c023,e1113d274d27d3c86d476bd7ef66ade7dd82c18e207254498a2e01b8e9f0f240,video/demos/trajectory/image/21_slide_23_case_21_c023,video/demos/trajectory/image/21_m009_c023,video/cameras/trajectory/m009_trajectory_motion.png
trajectory,m010,trajectory_motion,,68ea0d28f19cd231e102ac45ef0854798f27c1704449fabce6a8cba90670981d,video/demos/trajectory/text/10_slide_32_case_10,video/demos/trajectory/text/10_m010,video/cameras/trajectory/m010_trajectory_motion.png
trajectory,m010,trajectory_motion,,68ea0d28f19cd231e102ac45ef0854798f27c1704449fabce6a8cba90670981d,video/demos/trajectory/text/11_slide_32_case_11,video/demos/trajectory/text/11_m010,video/cameras/trajectory/m010_trajectory_motion.png
trajectory,m010,trajectory_motion,,68ea0d28f19cd231e102ac45ef0854798f27c1704449fabce6a8cba90670981d,video/demos/trajectory/text/12_slide_32_case_12,video/demos/trajectory/text/12_m010,video/cameras/trajectory/m010_trajectory_motion.png
trajectory,m011,trajectory_motion,,70cd18c74c7b82713258893ad41079c07e967541715d1f4d487acb959f239621,video/demos/trajectory/text/16_slide_32_case_16,video/demos/trajectory/text/16_m011,video/cameras/trajectory/m011_trajectory_motion.png
trajectory,m011,trajectory_motion,,70cd18c74c7b82713258893ad41079c07e967541715d1f4d487acb959f239621,video/demos/trajectory/text/17_slide_32_case_17,video/demos/trajectory/text/17_m011,video/cameras/trajectory/m011_trajectory_motion.png
trajectory,m011,trajectory_motion,,70cd18c74c7b82713258893ad41079c07e967541715d1f4d487acb959f239621,video/demos/trajectory/text/18_slide_32_case_18,video/demos/trajectory/text/18_m011,video/cameras/trajectory/m011_trajectory_motion.png
trajectory,m012,trajectory_motion,c003,46aad38c4d4b55603bd93bdad8cb2bc96a88fa36bf0a36ee34be70fa02df7f2f,video/demos/trajectory/video/19_slide_10_case_19_c003,video/demos/trajectory/video/19_m012_c003,video/cameras/trajectory/m012_trajectory_motion.png
trajectory,m012,trajectory_motion,c005,46aad38c4d4b55603bd93bdad8cb2bc96a88fa36bf0a36ee34be70fa02df7f2f,video/demos/trajectory/video/20_slide_10_case_20_c005,video/demos/trajectory/video/20_m012_c005,video/cameras/trajectory/m012_trajectory_motion.png
trajectory,m012,trajectory_motion,c004,46aad38c4d4b55603bd93bdad8cb2bc96a88fa36bf0a36ee34be70fa02df7f2f,video/demos/trajectory/video/21_slide_10_case_21_c004,video/demos/trajectory/video/21_m012_c004,video/cameras/trajectory/m012_trajectory_motion.png
trajectory,m013,trajectory_motion,c026,1aaa8e4084b43911c4ea17412e8190e367246ef325e1c82864b95ac758c91d6b,video/demos/trajectory/image/22_slide_23_case_22_c026,video/demos/trajectory/image/22_m013_c026,video/cameras/trajectory/m013_trajectory_motion.png
trajectory,m013,trajectory_motion,c027,1aaa8e4084b43911c4ea17412e8190e367246ef325e1c82864b95ac758c91d6b,video/demos/trajectory/image/23_slide_23_case_23_c027,video/demos/trajectory/image/23_m013_c027,video/cameras/trajectory/m013_trajectory_motion.png
reference,m001,reference_motion,c001,44ecbfa2f529ea0c4f2febdfa7f493941b8f6eb59abe871d11f39738c0858382,video/demos/reference/video/01_slide_11_case_1_c001,video/demos/reference/video/01_m001_c001,video/cameras/reference/m001_reference_motion.mp4
reference,m002,reference_motion,,8e69b67d64cc32ea502a28985544717cd31921b70adf1e14a2b1bdaf3a03d76d,video/demos/reference/image/01_slide_24_case_1,video/demos/reference/image/01_m002,video/cameras/reference/m002_reference_motion.mp4
reference,m002,reference_motion,c017,8e69b67d64cc32ea502a28985544717cd31921b70adf1e14a2b1bdaf3a03d76d,video/demos/reference/image/18_slide_26_case_18_c017,video/demos/reference/image/18_m002_c017,video/cameras/reference/m002_reference_motion.mp4
reference,m003,reference_motion,,137193f4e026c2dce88b503ad015fa67afa1a9aca3370cdb4fc3ff191883a495,video/demos/reference/text/01_slide_33_case_1,video/demos/reference/text/01_m003,video/cameras/reference/m003_reference_motion.mp4
reference,m003,reference_motion,c001,137193f4e026c2dce88b503ad015fa67afa1a9aca3370cdb4fc3ff191883a495,video/demos/reference/video/02_slide_11_case_2_c001,video/demos/reference/video/02_m003_c001,video/cameras/reference/m003_reference_motion.mp4
reference,m003,reference_motion,,137193f4e026c2dce88b503ad015fa67afa1a9aca3370cdb4fc3ff191883a495,video/demos/reference/text/04_slide_33_case_4,video/demos/reference/text/04_m003,video/cameras/reference/m003_reference_motion.mp4
reference,m003,reference_motion,c004,137193f4e026c2dce88b503ad015fa67afa1a9aca3370cdb4fc3ff191883a495,video/demos/reference/video/14_slide_13_case_14_c004,video/demos/reference/video/14_m003_c004,video/cameras/reference/m003_reference_motion.mp4
reference,m004,reference_motion,,151cfff02bdb68cbf2c424db2a0d9cebb1c7e0ba4e100c3d93c0fdfb7edf5789,video/demos/reference/image/02_slide_24_case_2,video/demos/reference/image/02_m004,video/cameras/reference/m004_reference_motion.mp4
reference,m005,reference_motion,,83cc5bb65b02365da4572c69659a25c38b87a6e4dd3f2f31c22e50f8f3038945,video/demos/reference/text/02_slide_33_case_2,video/demos/reference/text/02_m005,video/cameras/reference/m005_reference_motion.mp4
reference,m005,reference_motion,c001,83cc5bb65b02365da4572c69659a25c38b87a6e4dd3f2f31c22e50f8f3038945,video/demos/reference/video/03_slide_11_case_3_c001,video/demos/reference/video/03_m005_c001,video/cameras/reference/m005_reference_motion.mp4
reference,m005,reference_motion,,83cc5bb65b02365da4572c69659a25c38b87a6e4dd3f2f31c22e50f8f3038945,video/demos/reference/text/07_slide_34_case_7,video/demos/reference/text/07_m005,video/cameras/reference/m005_reference_motion.mp4
reference,m005,reference_motion,c002,83cc5bb65b02365da4572c69659a25c38b87a6e4dd3f2f31c22e50f8f3038945,video/demos/reference/video/12_slide_12_case_12_c002,video/demos/reference/video/12_m005_c002,video/cameras/reference/m005_reference_motion.mp4
reference,m005,reference_motion,,83cc5bb65b02365da4572c69659a25c38b87a6e4dd3f2f31c22e50f8f3038945,video/demos/reference/image/13_slide_25_case_13,video/demos/reference/image/13_m005,video/cameras/reference/m005_reference_motion.mp4
reference,m005,reference_motion,c004,83cc5bb65b02365da4572c69659a25c38b87a6e4dd3f2f31c22e50f8f3038945,video/demos/reference/video/17_slide_13_case_17_c004,video/demos/reference/video/17_m005_c004,video/cameras/reference/m005_reference_motion.mp4
reference,m006,reference_motion,,d803967eb59d2d52373dbefe4f633ae0eb7f133f7bee6108a73eee728caa4ada,video/demos/reference/image/03_slide_24_case_3,video/demos/reference/image/03_m006,video/cameras/reference/m006_reference_motion.mp4
reference,m007,reference_motion,,58a72ab96fe85fa4e8e84d8b3124b392e318ff660f1995eac6dfb5f817252f93,video/demos/reference/text/03_slide_33_case_3,video/demos/reference/text/03_m007,video/cameras/reference/m007_reference_motion.mp4
reference,m007,reference_motion,c001,58a72ab96fe85fa4e8e84d8b3124b392e318ff660f1995eac6dfb5f817252f93,video/demos/reference/video/05_slide_11_case_5_c001,video/demos/reference/video/05_m007_c001,video/cameras/reference/m007_reference_motion.mp4
reference,m007,reference_motion,,58a72ab96fe85fa4e8e84d8b3124b392e318ff660f1995eac6dfb5f817252f93,video/demos/reference/text/05_slide_33_case_5,video/demos/reference/text/05_m007,video/cameras/reference/m007_reference_motion.mp4
reference,m007,reference_motion,,58a72ab96fe85fa4e8e84d8b3124b392e318ff660f1995eac6dfb5f817252f93,video/demos/reference/image/10_slide_25_case_10,video/demos/reference/image/10_m007,video/cameras/reference/m007_reference_motion.mp4
reference,m007,reference_motion,,58a72ab96fe85fa4e8e84d8b3124b392e318ff660f1995eac6dfb5f817252f93,video/demos/reference/text/13_slide_34_case_13,video/demos/reference/text/13_m007,video/cameras/reference/m007_reference_motion.mp4
reference,m007,reference_motion,c004,58a72ab96fe85fa4e8e84d8b3124b392e318ff660f1995eac6dfb5f817252f93,video/demos/reference/video/15_slide_13_case_15_c004,video/demos/reference/video/15_m007_c004,video/cameras/reference/m007_reference_motion.mp4
reference,m008,reference_motion,c001,46bf9852da28ad37782aa6d635685c725806b3c6cd6e155ea0eebc12a8e83f58,video/demos/reference/video/04_slide_11_case_4_c001,video/demos/reference/video/04_m008_c001,video/cameras/reference/m008_reference_motion.mp4
reference,m009,reference_motion,,7961c42fa412de7767aaf5578c1a103767bd6d58f25b82964487449eb50c7f8c,video/demos/reference/image/04_slide_24_case_4,video/demos/reference/image/04_m009,video/cameras/reference/m009_reference_motion.mp4
reference,m009,reference_motion,c001,7961c42fa412de7767aaf5578c1a103767bd6d58f25b82964487449eb50c7f8c,video/demos/reference/video/06_slide_11_case_6_c001,video/demos/reference/video/06_m009_c001,video/cameras/reference/m009_reference_motion.mp4
reference,m009,reference_motion,c004,7961c42fa412de7767aaf5578c1a103767bd6d58f25b82964487449eb50c7f8c,video/demos/reference/video/16_slide_13_case_16_c004,video/demos/reference/video/16_m009_c004,video/cameras/reference/m009_reference_motion.mp4
reference,m010,reference_motion,,0a736c25486c4d8af4b7eda1538abbe59d705213d3c297ccd95c8d0c55e9dd9f,video/demos/reference/image/05_slide_24_case_5,video/demos/reference/image/05_m010,video/cameras/reference/m010_reference_motion.mp4
reference,m011,reference_motion,,d05fcf32cb566c4dd933db5f9ecbeaa469b888ec4c4e13794cb596ddfdf5368c,video/demos/reference/image/06_slide_24_case_6,video/demos/reference/image/06_m011,video/cameras/reference/m011_reference_motion.mp4
reference,m012,reference_motion,,e6240da7d70988d716f31e05546ef1379a0ac9130bb4810a262bce20e99624e9,video/demos/reference/text/06_slide_33_case_6,video/demos/reference/text/06_m012,video/cameras/reference/m012_reference_motion.mp4
reference,m012,reference_motion,c002,e6240da7d70988d716f31e05546ef1379a0ac9130bb4810a262bce20e99624e9,video/demos/reference/video/09_slide_12_case_9_c002,video/demos/reference/video/09_m012_c002,video/cameras/reference/m012_reference_motion.mp4
reference,m012,reference_motion,,e6240da7d70988d716f31e05546ef1379a0ac9130bb4810a262bce20e99624e9,video/demos/reference/text/10_slide_34_case_10,video/demos/reference/text/10_m012,video/cameras/reference/m012_reference_motion.mp4
reference,m012,reference_motion,c004,e6240da7d70988d716f31e05546ef1379a0ac9130bb4810a262bce20e99624e9,video/demos/reference/video/13_slide_13_case_13_c004,video/demos/reference/video/13_m012_c004,video/cameras/reference/m012_reference_motion.mp4
reference,m013,reference_motion,c002,dc4516dca5011bf3b6d5c73746efaed1b04aec9718e770e11df97dc77eae5198,video/demos/reference/video/07_slide_12_case_7_c002,video/demos/reference/video/07_m013_c002,video/cameras/reference/m013_reference_motion.mp4
reference,m014,reference_motion,,6beeaf83fdac62fde2edea183f2369e73385ba14df5ba097deb680413c31b082,video/demos/reference/image/07_slide_24_case_7,video/demos/reference/image/07_m014,video/cameras/reference/m014_reference_motion.mp4
reference,m015,reference_motion,c002,204c5ca7f78f67d999beaa88a71384e597cefcb48550458cd23776bda687fa69,video/demos/reference/video/08_slide_12_case_8_c002,video/demos/reference/video/08_m015_c002,video/cameras/reference/m015_reference_motion.mp4
reference,m016,reference_motion,,b68ae2ce0cbbc81948b8d492bcf66045831e2e70d4421d7694b663d92a054e4f,video/demos/reference/image/08_slide_24_case_8,video/demos/reference/image/08_m016,video/cameras/reference/m016_reference_motion.mp4
reference,m017,reference_motion,,3f200a3fdea1bc0fc191360f8eb9ec5ed42b01512b0cedbbe4e080906adb90a1,video/demos/reference/text/08_slide_34_case_8,video/demos/reference/text/08_m017,video/cameras/reference/m017_reference_motion.mp4
reference,m018,reference_motion,,ac0390abe6caa5cd3d7107e2708e8c76cf4ecd6398c07e57b81a6384aae9a4cf,video/demos/reference/image/09_slide_24_case_9,video/demos/reference/image/09_m018,video/cameras/reference/m018_reference_motion.mp4
reference,m018,reference_motion,,ac0390abe6caa5cd3d7107e2708e8c76cf4ecd6398c07e57b81a6384aae9a4cf,video/demos/reference/image/16_slide_25_case_16,video/demos/reference/image/16_m018,video/cameras/reference/m018_reference_motion.mp4
reference,m019,reference_motion,,487e054a750ded7bf9425b0bcd0f51fea745d3c75c9bf04222f220fc4321b380,video/demos/reference/text/09_slide_34_case_9,video/demos/reference/text/09_m019,video/cameras/reference/m019_reference_motion.mp4
reference,m020,reference_motion,c002,ffdf30e35e40affab016031721caa8a251c6c9283fcad76463b8106e1796e97e,video/demos/reference/video/10_slide_12_case_10_c002,video/demos/reference/video/10_m020_c002,video/cameras/reference/m020_reference_motion.mp4
reference,m021,reference_motion,c002,7ead8f1ae42e62e907950e61a796c2a2d9ca4d33ac79c30487fb021955df2b85,video/demos/reference/video/11_slide_12_case_11_c002,video/demos/reference/video/11_m021_c002,video/cameras/reference/m021_reference_motion.mp4
reference,m022,reference_motion,,555131e86fbf75385b0f1d015f0f03fe4278b990c56a0cacf9b273608cb72f36,video/demos/reference/image/11_slide_25_case_11,video/demos/reference/image/11_m022,video/cameras/reference/m022_reference_motion.mp4
reference,m023,reference_motion,,c939cae4c9da0d48c7d5fe50297adaaee8f42654e1a7e0bc7b56a4eb24c41ebd,video/demos/reference/text/11_slide_34_case_11,video/demos/reference/text/11_m023,video/cameras/reference/m023_reference_motion.mp4
reference,m024,reference_motion,,595e3eeb86798dcdab3b92b9a771574533359db60d4798ca43ca47b77a4cbdeb,video/demos/reference/image/12_slide_25_case_12,video/demos/reference/image/12_m024,video/cameras/reference/m024_reference_motion.mp4
reference,m025,reference_motion,,222db1ffd6f83a882d2e6868b99cdf1d8de830f590b24ec94e3b3888c8e949da,video/demos/reference/text/12_slide_34_case_12,video/demos/reference/text/12_m025,video/cameras/reference/m025_reference_motion.mp4
reference,m026,reference_motion,,ec8a7bc4f6d1efd797f6df35d7892552bc8d5baa6315670ed737c933c58c1478,video/demos/reference/image/14_slide_25_case_14,video/demos/reference/image/14_m026,video/cameras/reference/m026_reference_motion.mp4
reference,m027,reference_motion,,021f21550f64379518f99da2bca8d8fcacaab722dc642a0b56bce54d454f8228,video/demos/reference/text/14_slide_34_case_14,video/demos/reference/text/14_m027,video/cameras/reference/m027_reference_motion.mp4
reference,m028,reference_motion,,f234ace1e01593240a85365fd2c16273f7e58786acb1f29bda9ab665ad49a377,video/demos/reference/image/15_slide_25_case_15,video/demos/reference/image/15_m028,video/cameras/reference/m028_reference_motion.mp4
reference,m029,reference_motion,,ff6eb556ba4b943ce303eb048c6acad0469f4ccfb1fac6cce1aaf40cb5444bfc,video/demos/reference/text/15_slide_34_case_15,video/demos/reference/text/15_m029,video/cameras/reference/m029_reference_motion.mp4
reference,m030,reference_motion,,56e78b93edbeaa8d7437f61ff08507454e876694d8f8f154e7601db3f9bb7af3,video/demos/reference/image/17_slide_25_case_17,video/demos/reference/image/17_m030,video/cameras/reference/m030_reference_motion.mp4
reference,m031,reference_motion,c004,a0cc018fe274e12b4e41c61fff7e89c04231c7c2cdd308fa0d010f2c915c7d16,video/demos/reference/video/18_slide_13_case_18_c004,video/demos/reference/video/18_m031_c004,video/cameras/reference/m031_reference_motion.mp4
reference,m032,reference_motion,c010,2ed7e9fe082e1a1549e0773c26fd77612b2f51fb3fd75b321ec63f486b6e7066,video/demos/reference/video/19_slide_14_case_19_c010,video/demos/reference/video/19_m032_c010,video/cameras/reference/m032_reference_motion.mp4
reference,m032,reference_motion,c014,2ed7e9fe082e1a1549e0773c26fd77612b2f51fb3fd75b321ec63f486b6e7066,video/demos/reference/video/29_slide_15_case_29_c014,video/demos/reference/video/29_m032_c014,video/cameras/reference/m032_reference_motion.mp4
reference,m033,reference_motion,c018,3972cff22dc062413aad8e609ff67820819fee02bc787a30f22bcd1532e78580,video/demos/reference/image/19_slide_26_case_19_c018,video/demos/reference/image/19_m033_c018,video/cameras/reference/m033_reference_motion.mp4
reference,m034,reference_motion,c010,3121a2f9c24c7ed7a855fe49bc18d9a9835eb745b5266d2702e0bc6fc4166029,video/demos/reference/video/20_slide_14_case_20_c010,video/demos/reference/video/20_m034_c010,video/cameras/reference/m034_reference_motion.mp4
reference,m035,reference_motion,c021,ecbc68541e48bb3fa225eb0bf4d74fed540b7a71b7436f297c9d688bddcab164,video/demos/reference/image/20_slide_26_case_20_c021,video/demos/reference/image/20_m035_c021,video/cameras/reference/m035_reference_motion.mp4
reference,m036,reference_motion,c010,e02a3085b021d73f80d37d3d602f4285ebc8cb4b9464570e0ec405a0e31f0474,video/demos/reference/video/21_slide_14_case_21_c010,video/demos/reference/video/21_m036_c010,video/cameras/reference/m036_reference_motion.mp4
reference,m036,reference_motion,c015,e02a3085b021d73f80d37d3d602f4285ebc8cb4b9464570e0ec405a0e31f0474,video/demos/reference/video/31_slide_15_case_31_c015,video/demos/reference/video/31_m036_c015,video/cameras/reference/m036_reference_motion.mp4
reference,m037,reference_motion,c024,8964ce3a6e8e9d40657ee7dc5d943d1ba91d193a5023b537cdef40606c7940f2,video/demos/reference/image/21_slide_26_case_21_c024,video/demos/reference/image/21_m037_c024,video/cameras/reference/m037_reference_motion.mp4
reference,m038,reference_motion,c011,35db2bf99fb2538f59dffa96716b907290cea7c4246f76f09665427d4b40da22,video/demos/reference/video/22_slide_14_case_22_c011,video/demos/reference/video/22_m038_c011,video/cameras/reference/m038_reference_motion.mp4
reference,m038,reference_motion,c014,35db2bf99fb2538f59dffa96716b907290cea7c4246f76f09665427d4b40da22,video/demos/reference/video/30_slide_15_case_30_c014,video/demos/reference/video/30_m038_c014,video/cameras/reference/m038_reference_motion.mp4
reference,m039,reference_motion,c011,4b85d164a61df02f820548542bcafb7342f79e5ede70c60f7cc0c3d7c3353ef9,video/demos/reference/video/23_slide_14_case_23_c011,video/demos/reference/video/23_m039_c011,video/cameras/reference/m039_reference_motion.mp4
reference,m039,reference_motion,c013,4b85d164a61df02f820548542bcafb7342f79e5ede70c60f7cc0c3d7c3353ef9,video/demos/reference/video/25_slide_14_case_25_c013,video/demos/reference/video/25_m039_c013,video/cameras/reference/m039_reference_motion.mp4
reference,m039,reference_motion,c015,4b85d164a61df02f820548542bcafb7342f79e5ede70c60f7cc0c3d7c3353ef9,video/demos/reference/video/32_slide_15_case_32_c015,video/demos/reference/video/32_m039_c015,video/cameras/reference/m039_reference_motion.mp4
reference,m039,reference_motion,c016,4b85d164a61df02f820548542bcafb7342f79e5ede70c60f7cc0c3d7c3353ef9,video/demos/reference/video/35_slide_15_case_35_c016,video/demos/reference/video/35_m039_c016,video/cameras/reference/m039_reference_motion.mp4
reference,m040,reference_motion,c011,cf61cfb8bfbb77317aa7bb9340fbe1678e1b5dd9b89268cd74ee4b3320d8c7eb,video/demos/reference/video/24_slide_14_case_24_c011,video/demos/reference/video/24_m040_c011,video/cameras/reference/m040_reference_motion.mp4
reference,m041,reference_motion,c013,ca401bb13fa2b4a54db16cc40bbdd1548dcb9fae124a81b94ebdf9566e3808b5,video/demos/reference/video/26_slide_14_case_26_c013,video/demos/reference/video/26_m041_c013,video/cameras/reference/m041_reference_motion.mp4
reference,m042,reference_motion,c013,44309b246e77c3e264b0e0b18be50dd72617f110e02b7249efc4820ffd531e7b,video/demos/reference/video/27_slide_14_case_27_c013,video/demos/reference/video/27_m042_c013,video/cameras/reference/m042_reference_motion.mp4
reference,m042,reference_motion,c014,44309b246e77c3e264b0e0b18be50dd72617f110e02b7249efc4820ffd531e7b,video/demos/reference/video/28_slide_15_case_28_c014,video/demos/reference/video/28_m042_c014,video/cameras/reference/m042_reference_motion.mp4
reference,m043,reference_motion,c015,3341029aa0186bcb0bd7099479194e5eb9fc00faae1dfe5f7d9568c5c10543d2,video/demos/reference/video/33_slide_15_case_33_c015,video/demos/reference/video/33_m043_c015,video/cameras/reference/m043_reference_motion.mp4
reference,m043,reference_motion,c016,3341029aa0186bcb0bd7099479194e5eb9fc00faae1dfe5f7d9568c5c10543d2,video/demos/reference/video/34_slide_15_case_34_c016,video/demos/reference/video/34_m043_c016,video/cameras/reference/m043_reference_motion.mp4
