content_type,content_ref,sha256,old_case_folder,new_case_folder,shared_content
image,c001,30ef1711ab97175868242b85ca3087adbc720bd316a6a1ed8fb48ce0d2b812ca,video/demos/trajectory/image/01_slide_21_case_1,video/demos/trajectory/image/01_slide_21_case_1_c001,video/contents/image/c001.png
image,c001,30ef1711ab97175868242b85ca3087adbc720bd316a6a1ed8fb48ce0d2b812ca,video/demos/text/image/01_truck_right,video/demos/text/image/01_truck_right_c001,video/contents/image/c001.png
image,c001,30ef1711ab97175868242b85ca3087adbc720bd316a6a1ed8fb48ce0d2b812ca,video/demos/trajectory/image/02_slide_21_case_2,video/demos/trajectory/image/02_slide_21_case_2_c001,video/contents/image/c001.png
image,c001,30ef1711ab97175868242b85ca3087adbc720bd316a6a1ed8fb48ce0d2b812ca,video/demos/text/image/02_truck_left,video/demos/text/image/02_truck_left_c001,video/contents/image/c001.png
image,c001,30ef1711ab97175868242b85ca3087adbc720bd316a6a1ed8fb48ce0d2b812ca,video/demos/trajectory/image/03_slide_21_case_3,video/demos/trajectory/image/03_slide_21_case_3_c001,video/contents/image/c001.png
image,c001,30ef1711ab97175868242b85ca3087adbc720bd316a6a1ed8fb48ce0d2b812ca,video/demos/text/image/03_zoom_in,video/demos/text/image/03_zoom_in_c001,video/contents/image/c001.png
image,c002,1f24763e47cd62378d9020a09b26401b71e93a20dddd1fc80049bad32ae3b76d,video/demos/text/image/04_arc_left,video/demos/text/image/04_arc_left_c002,video/contents/image/c002.png
image,c002,1f24763e47cd62378d9020a09b26401b71e93a20dddd1fc80049bad32ae3b76d,video/demos/text/image/05_zoom_in,video/demos/text/image/05_zoom_in_c002,video/contents/image/c002.png
image,c002,1f24763e47cd62378d9020a09b26401b71e93a20dddd1fc80049bad32ae3b76d,video/demos/text/image/06_zoom_out,video/demos/text/image/06_zoom_out_c002,video/contents/image/c002.png
image,c003,2bcf4bc66b0c4b60f4d9f08939dc8957302b37469c563eec5d90da4be4dc3bfd,video/demos/trajectory/image/04_slide_21_case_4,video/demos/trajectory/image/04_slide_21_case_4_c003,video/contents/image/c003.png
image,c003,2bcf4bc66b0c4b60f4d9f08939dc8957302b37469c563eec5d90da4be4dc3bfd,video/demos/trajectory/image/05_slide_21_case_5,video/demos/trajectory/image/05_slide_21_case_5_c003,video/contents/image/c003.png
image,c003,2bcf4bc66b0c4b60f4d9f08939dc8957302b37469c563eec5d90da4be4dc3bfd,video/demos/trajectory/image/06_slide_21_case_6,video/demos/trajectory/image/06_slide_21_case_6_c003,video/contents/image/c003.png
image,c003,2bcf4bc66b0c4b60f4d9f08939dc8957302b37469c563eec5d90da4be4dc3bfd,video/demos/text/image/23_slide_19_case_23,video/demos/text/image/23_slide_19_case_23_c003,video/contents/image/c003.png
image,c004,73d786bcce34f5bde75e8028723c871ec067105b146232b2a6189873f5caf333,video/demos/text/image/07_pan_right,video/demos/text/image/07_pan_right_c004,video/contents/image/c004.png
image,c005,651b169367f64857dc3e5f08ba780536429029dd46d49981f180a2100483b064,video/demos/trajectory/image/07_slide_21_case_7,video/demos/trajectory/image/07_slide_21_case_7_c005,video/contents/image/c005.png
image,c005,651b169367f64857dc3e5f08ba780536429029dd46d49981f180a2100483b064,video/demos/trajectory/image/08_slide_21_case_8,video/demos/trajectory/image/08_slide_21_case_8_c005,video/contents/image/c005.png
image,c005,651b169367f64857dc3e5f08ba780536429029dd46d49981f180a2100483b064,video/demos/trajectory/image/09_slide_21_case_9,video/demos/trajectory/image/09_slide_21_case_9_c005,video/contents/image/c005.png
image,c006,a83e4ab9fa3984d72c1bb67ac05cea27c3862af178e3f10ea27e76b8850120a8,video/demos/text/image/08_pan_right,video/demos/text/image/08_pan_right_c006,video/contents/image/c006.png
image,c007,2556601b1127d764b05ec94ecaa53a011adeeda71feb022d3dcef8bce0053647,video/demos/text/image/09_pan_right,video/demos/text/image/09_pan_right_c007,video/contents/image/c007.png
image,c007,2556601b1127d764b05ec94ecaa53a011adeeda71feb022d3dcef8bce0053647,video/demos/text/image/18_slide_18_case_18,video/demos/text/image/18_slide_18_case_18_c007,video/contents/image/c007.png
image,c008,28476f17f8c5b5fd9a75a5f00c5be1c77598b363f5ec8480acfb7b4794de19e1,video/demos/text/image/10_slide_17_case_10,video/demos/text/image/10_slide_17_case_10_c008,video/contents/image/c008.png
image,c009,8e7533e32d753482de97eea18cb49414ef74ae44138e4bed99b69cf0f8a50266,video/demos/text/image/11_slide_17_case_11,video/demos/text/image/11_slide_17_case_11_c009,video/contents/image/c009.png
image,c010,79f58a3eb916b6a0f529b8c250def43a5007513758de0cb0f3e6be9527b0fa4c,video/demos/text/image/12_slide_17_case_12,video/demos/text/image/12_slide_17_case_12_c010,video/contents/image/c010.png
image,c011,b35d881fc9e5b5ab6ecb4f1da81c43d6ba4db8efe869790f793e90498ae4dbf4,video/demos/text/image/13_truck_left,video/demos/text/image/13_truck_left_c011,video/contents/image/c011.png
image,c012,47a568aec78a0df69dad0965bf986c7a7ac8e7d4a61787d78b2fd0aaa85da05a,video/demos/text/image/14_truck_left,video/demos/text/image/14_truck_left_c012,video/contents/image/c012.png
image,c013,050d73b0c90e2e68789ff9d71990d0cf6967b5374e7333b8bd0a8fa0911a71bb,video/demos/text/image/15_truck_left,video/demos/text/image/15_truck_left_c013,video/contents/image/c013.png
image,c013,050d73b0c90e2e68789ff9d71990d0cf6967b5374e7333b8bd0a8fa0911a71bb,video/demos/text/image/22_slide_19_case_22,video/demos/text/image/22_slide_19_case_22_c013,video/contents/image/c013.png
image,c014,2f8a009e5c31c2951d99ffaad701427b848b05f9873361863e1f865844452be3,video/demos/text/image/16_slide_18_case_16,video/demos/text/image/16_slide_18_case_16_c014,video/contents/image/c014.png
image,c015,ff48f7a200281efea90c2df0fa0c9a8e1150739f54fbc280a8d601f1078ba476,video/demos/text/image/17_slide_18_case_17,video/demos/text/image/17_slide_18_case_17_c015,video/contents/image/c015.png
image,c016,a88eb399a002dff789be200192c774f90906887fb22b463283ea7448fdcfdc17,video/demos/trajectory/image/18_slide_23_case_18,video/demos/trajectory/image/18_slide_23_case_18_c016,video/contents/image/c016.png
image,c017,024b01f50d10fe4b261cadfb0299a454a34349413846359feb5a92b6bf00b075,video/demos/reference/image/18_slide_26_case_18,video/demos/reference/image/18_slide_26_case_18_c017,video/contents/image/c017.png
image,c018,eb8bee4654eb96776f7293a2c47043632d8f465537177292e503c88206313610,video/demos/trajectory/image/19_slide_23_case_19,video/demos/trajectory/image/19_slide_23_case_19_c018,video/contents/image/c018.png
image,c018,eb8bee4654eb96776f7293a2c47043632d8f465537177292e503c88206313610,video/demos/reference/image/19_slide_26_case_19,video/demos/reference/image/19_slide_26_case_19_c018,video/contents/image/c018.png
image,c019,91c6f5d68d240b39001beb4b4e0a8beb77b1363f2f34c9e384b530d3f4abcebc,video/demos/text/image/19_zoom_in,video/demos/text/image/19_zoom_in_c019,video/contents/image/c019.png
image,c020,7a5f016270177238d8b0834d70694a637b78404920b3bd5e5f8a019993b6abae,video/demos/trajectory/image/20_slide_23_case_20,video/demos/trajectory/image/20_slide_23_case_20_c020,video/contents/image/c020.png
image,c021,dd01f7a2b42a5659d02cc8325914709dc2bbc2dc3db2af4406ad84a7f30dc8b0,video/demos/reference/image/20_slide_26_case_20,video/demos/reference/image/20_slide_26_case_20_c021,video/contents/image/c021.png
image,c022,821ce6361eac03bcc85ec97e54ed7f20dafaa52b2f7255496f694dec784ce69e,video/demos/text/image/20_zoom_in,video/demos/text/image/20_zoom_in_c022,video/contents/image/c022.png
image,c023,988aabaa6ef4b7a5bb1a9b127bd1ac54ebbc52583b0952eefed9d6392b798ef2,video/demos/trajectory/image/21_slide_23_case_21,video/demos/trajectory/image/21_slide_23_case_21_c023,video/contents/image/c023.png
image,c024,6d48608ec37cf01293708b17fc22060a9a75d95edb0948e5b7f0ed033869c83f,video/demos/reference/image/21_slide_26_case_21,video/demos/reference/image/21_slide_26_case_21_c024,video/contents/image/c024.png
image,c025,0c8abe524537b0c9039bff70733a38b03008f5b1559a147fc806c0ed741958d4,video/demos/text/image/21_zoom_in,video/demos/text/image/21_zoom_in_c025,video/contents/image/c025.png
image,c026,6ff566d1f8c241235043780cb35a2b4515e1ad05128c06b4d2dc631b193fd975,video/demos/trajectory/image/22_slide_23_case_22,video/demos/trajectory/image/22_slide_23_case_22_c026,video/contents/image/c026.png
image,c027,c704e09a933ecfea7b9f5db286a7a495adbb353b71c52e9a398040387918d240,video/demos/trajectory/image/23_slide_23_case_23,video/demos/trajectory/image/23_slide_23_case_23_c027,video/contents/image/c027.png
image,c028,1930bda962bf5ca6a95a2eadea6e76bbdb40815542262c96c972e59b834e4a21,video/demos/text/image/24_slide_19_case_24,video/demos/text/image/24_slide_19_case_24_c028,video/contents/image/c028.png
image,c029,ae89f2498235a842484bb6abb9442758c4e9f4aa4f74469b9dd3ac704792fc11,video/demos/text/image/25_arc_right,video/demos/text/image/25_arc_right_c029,video/contents/image/c029.png
image,c030,eab4e5a65c503b32dd4c153932719a8a695455975db2551a9130b7103c2a3fd9,video/demos/text/image/26_boom_up_tilt_down,video/demos/text/image/26_boom_up_tilt_down_c030,video/contents/image/c030.png
image,c031,684d585ac1a326bd5253d62b3566297142423c1a09dfc5fa72d1c6eaab89186a,video/demos/text/image/27_tilt_down,video/demos/text/image/27_tilt_down_c031,video/contents/image/c031.png
image,c032,5c36d982b6a147417e0bbb27fda4192ced72d2b46044f33e47240efc73bb8f58,video/demos/text/image/28_zoom_in,video/demos/text/image/28_zoom_in_c032,video/contents/image/c032.png
image,c033,98447f16c7bba6ac5717e37a55ed74dbaf8530f78bdc29505f0c3b64447ca6a2,video/demos/text/image/29_arc_right,video/demos/text/image/29_arc_right_c033,video/contents/image/c033.png
image,c034,785333d41f5eab1fc97fa22fb5efd6ba88cd8fe961617830b6c65ce70f7620e3,video/demos/text/image/30_truck_right,video/demos/text/image/30_truck_right_c034,video/contents/image/c034.png
video,c001,20f1f72bcc2a76662ff69ff705e2c4120e6a2bb9ec500085f1a73a6a0f4d9499,video/demos/text/video/01_orbiting_right,video/demos/text/video/01_orbiting_right_c001,video/contents/video/c001.mp4
video,c001,20f1f72bcc2a76662ff69ff705e2c4120e6a2bb9ec500085f1a73a6a0f4d9499,video/demos/trajectory/video/01_slide_7_case_1,video/demos/trajectory/video/01_slide_7_case_1_c001,video/contents/video/c001.mp4
video,c001,20f1f72bcc2a76662ff69ff705e2c4120e6a2bb9ec500085f1a73a6a0f4d9499,video/demos/reference/video/01_slide_11_case_1,video/demos/reference/video/01_slide_11_case_1_c001,video/contents/video/c001.mp4
video,c001,20f1f72bcc2a76662ff69ff705e2c4120e6a2bb9ec500085f1a73a6a0f4d9499,video/demos/text/video/02_orbiting_left,video/demos/text/video/02_orbiting_left_c001,video/contents/video/c001.mp4
video,c001,20f1f72bcc2a76662ff69ff705e2c4120e6a2bb9ec500085f1a73a6a0f4d9499,video/demos/trajectory/video/02_slide_7_case_2,video/demos/trajectory/video/02_slide_7_case_2_c001,video/contents/video/c001.mp4
video,c001,20f1f72bcc2a76662ff69ff705e2c4120e6a2bb9ec500085f1a73a6a0f4d9499,video/demos/reference/video/02_slide_11_case_2,video/demos/reference/video/02_slide_11_case_2_c001,video/contents/video/c001.mp4
video,c001,20f1f72bcc2a76662ff69ff705e2c4120e6a2bb9ec500085f1a73a6a0f4d9499,video/demos/text/video/03_roll_clockwise,video/demos/text/video/03_roll_clockwise_c001,video/contents/video/c001.mp4
video,c001,20f1f72bcc2a76662ff69ff705e2c4120e6a2bb9ec500085f1a73a6a0f4d9499,video/demos/trajectory/video/03_slide_7_case_3,video/demos/trajectory/video/03_slide_7_case_3_c001,video/contents/video/c001.mp4
video,c001,20f1f72bcc2a76662ff69ff705e2c4120e6a2bb9ec500085f1a73a6a0f4d9499,video/demos/reference/video/03_slide_11_case_3,video/demos/reference/video/03_slide_11_case_3_c001,video/contents/video/c001.mp4
video,c001,20f1f72bcc2a76662ff69ff705e2c4120e6a2bb9ec500085f1a73a6a0f4d9499,video/demos/text/video/04_roll_counterclockwise,video/demos/text/video/04_roll_counterclockwise_c001,video/contents/video/c001.mp4
video,c001,20f1f72bcc2a76662ff69ff705e2c4120e6a2bb9ec500085f1a73a6a0f4d9499,video/demos/trajectory/video/04_slide_7_case_4,video/demos/trajectory/video/04_slide_7_case_4_c001,video/contents/video/c001.mp4
video,c001,20f1f72bcc2a76662ff69ff705e2c4120e6a2bb9ec500085f1a73a6a0f4d9499,video/demos/reference/video/04_slide_11_case_4,video/demos/reference/video/04_slide_11_case_4_c001,video/contents/video/c001.mp4
video,c001,20f1f72bcc2a76662ff69ff705e2c4120e6a2bb9ec500085f1a73a6a0f4d9499,video/demos/text/video/05_arc_left_up,video/demos/text/video/05_arc_left_up_c001,video/contents/video/c001.mp4
video,c001,20f1f72bcc2a76662ff69ff705e2c4120e6a2bb9ec500085f1a73a6a0f4d9499,video/demos/reference/video/05_slide_11_case_5,video/demos/reference/video/05_slide_11_case_5_c001,video/contents/video/c001.mp4
video,c001,20f1f72bcc2a76662ff69ff705e2c4120e6a2bb9ec500085f1a73a6a0f4d9499,video/demos/reference/video/06_slide_11_case_6,video/demos/reference/video/06_slide_11_case_6_c001,video/contents/video/c001.mp4
video,c001,20f1f72bcc2a76662ff69ff705e2c4120e6a2bb9ec500085f1a73a6a0f4d9499,video/demos/text/video/06_truck_right,video/demos/text/video/06_truck_right_c001,video/contents/video/c001.mp4
video,c001,20f1f72bcc2a76662ff69ff705e2c4120e6a2bb9ec500085f1a73a6a0f4d9499,video/demos/text/video/07_dolly_in,video/demos/text/video/07_dolly_in_c001,video/contents/video/c001.mp4
video,c001,20f1f72bcc2a76662ff69ff705e2c4120e6a2bb9ec500085f1a73a6a0f4d9499,video/demos/text/video/08_dolly_out,video/demos/text/video/08_dolly_out_c001,video/contents/video/c001.mp4
video,c001,20f1f72bcc2a76662ff69ff705e2c4120e6a2bb9ec500085f1a73a6a0f4d9499,video/demos/text/video/09_tilt_up,video/demos/text/video/09_tilt_up_c001,video/contents/video/c001.mp4
video,c001,20f1f72bcc2a76662ff69ff705e2c4120e6a2bb9ec500085f1a73a6a0f4d9499,video/demos/text/video/10_pan_left,video/demos/text/video/10_pan_left_c001,video/contents/video/c001.mp4
video,c001,20f1f72bcc2a76662ff69ff705e2c4120e6a2bb9ec500085f1a73a6a0f4d9499,video/demos/text/video/11_boom_up_truck_left,video/demos/text/video/11_boom_up_truck_left_c001,video/contents/video/c001.mp4
video,c001,20f1f72bcc2a76662ff69ff705e2c4120e6a2bb9ec500085f1a73a6a0f4d9499,video/demos/text/video/12_arc_right_down,video/demos/text/video/12_arc_right_down_c001,video/contents/video/c001.mp4
video,c002,c82f3876712f06b3f91b8104545f1d988ed24f2fd9d7db038fea301755908c56,video/demos/trajectory/video/05_slide_8_case_5,video/demos/trajectory/video/05_slide_8_case_5_c002,video/contents/video/c002.mp4
video,c002,c82f3876712f06b3f91b8104545f1d988ed24f2fd9d7db038fea301755908c56,video/demos/trajectory/video/06_slide_8_case_6,video/demos/trajectory/video/06_slide_8_case_6_c002,video/contents/video/c002.mp4
video,c002,c82f3876712f06b3f91b8104545f1d988ed24f2fd9d7db038fea301755908c56,video/demos/trajectory/video/07_slide_8_case_7,video/demos/trajectory/video/07_slide_8_case_7_c002,video/contents/video/c002.mp4
video,c002,c82f3876712f06b3f91b8104545f1d988ed24f2fd9d7db038fea301755908c56,video/demos/reference/video/07_slide_12_case_7,video/demos/reference/video/07_slide_12_case_7_c002,video/contents/video/c002.mp4
video,c002,c82f3876712f06b3f91b8104545f1d988ed24f2fd9d7db038fea301755908c56,video/demos/trajectory/video/08_slide_8_case_8,video/demos/trajectory/video/08_slide_8_case_8_c002,video/contents/video/c002.mp4
video,c002,c82f3876712f06b3f91b8104545f1d988ed24f2fd9d7db038fea301755908c56,video/demos/reference/video/08_slide_12_case_8,video/demos/reference/video/08_slide_12_case_8_c002,video/contents/video/c002.mp4
video,c002,c82f3876712f06b3f91b8104545f1d988ed24f2fd9d7db038fea301755908c56,video/demos/trajectory/video/09_slide_8_case_9,video/demos/trajectory/video/09_slide_8_case_9_c002,video/contents/video/c002.mp4
video,c002,c82f3876712f06b3f91b8104545f1d988ed24f2fd9d7db038fea301755908c56,video/demos/reference/video/09_slide_12_case_9,video/demos/reference/video/09_slide_12_case_9_c002,video/contents/video/c002.mp4
video,c002,c82f3876712f06b3f91b8104545f1d988ed24f2fd9d7db038fea301755908c56,video/demos/trajectory/video/10_slide_8_case_10,video/demos/trajectory/video/10_slide_8_case_10_c002,video/contents/video/c002.mp4
video,c002,c82f3876712f06b3f91b8104545f1d988ed24f2fd9d7db038fea301755908c56,video/demos/reference/video/10_slide_12_case_10,video/demos/reference/video/10_slide_12_case_10_c002,video/contents/video/c002.mp4
video,c002,c82f3876712f06b3f91b8104545f1d988ed24f2fd9d7db038fea301755908c56,video/demos/reference/video/11_slide_12_case_11,video/demos/reference/video/11_slide_12_case_11_c002,video/contents/video/c002.mp4
video,c002,c82f3876712f06b3f91b8104545f1d988ed24f2fd9d7db038fea301755908c56,video/demos/reference/video/12_slide_12_case_12,video/demos/reference/video/12_slide_12_case_12_c002,video/contents/video/c002.mp4
video,c002,c82f3876712f06b3f91b8104545f1d988ed24f2fd9d7db038fea301755908c56,video/demos/trajectory/video/18_slide_9_case_18,video/demos/trajectory/video/18_slide_9_case_18_c002,video/contents/video/c002.mp4
video,c002,c82f3876712f06b3f91b8104545f1d988ed24f2fd9d7db038fea301755908c56,video/demos/trajectory/video/25_slide_10_case_25,video/demos/trajectory/video/25_slide_10_case_25_c002,video/contents/video/c002.mp4
video,c003,4b85d164a61df02f820548542bcafb7342f79e5ede70c60f7cc0c3d7c3353ef9,video/demos/trajectory/video/11_slide_9_case_11,video/demos/trajectory/video/11_slide_9_case_11_c003,video/contents/video/c003.mp4
video,c003,4b85d164a61df02f820548542bcafb7342f79e5ede70c60f7cc0c3d7c3353ef9,video/demos/trajectory/video/19_slide_10_case_19,video/demos/trajectory/video/19_slide_10_case_19_c003,video/contents/video/c003.mp4
video,c003,4b85d164a61df02f820548542bcafb7342f79e5ede70c60f7cc0c3d7c3353ef9,video/demos/trajectory/video/24_slide_10_case_24,video/demos/trajectory/video/24_slide_10_case_24_c003,video/contents/video/c003.mp4
video,c004,cf61cfb8bfbb77317aa7bb9340fbe1678e1b5dd9b89268cd74ee4b3320d8c7eb,video/demos/trajectory/video/12_slide_9_case_12,video/demos/trajectory/video/12_slide_9_case_12_c004,video/contents/video/c004.mp4
video,c004,cf61cfb8bfbb77317aa7bb9340fbe1678e1b5dd9b89268cd74ee4b3320d8c7eb,video/demos/text/video/13_boom_up_tilt_down,video/demos/text/video/13_boom_up_tilt_down_c004,video/contents/video/c004.mp4
video,c004,cf61cfb8bfbb77317aa7bb9340fbe1678e1b5dd9b89268cd74ee4b3320d8c7eb,video/demos/reference/video/13_slide_13_case_13,video/demos/reference/video/13_slide_13_case_13_c004,video/contents/video/c004.mp4
video,c004,cf61cfb8bfbb77317aa7bb9340fbe1678e1b5dd9b89268cd74ee4b3320d8c7eb,video/demos/text/video/14_arc_left_up,video/demos/text/video/14_arc_left_up_c004,video/contents/video/c004.mp4
video,c004,cf61cfb8bfbb77317aa7bb9340fbe1678e1b5dd9b89268cd74ee4b3320d8c7eb,video/demos/reference/video/14_slide_13_case_14,video/demos/reference/video/14_slide_13_case_14_c004,video/contents/video/c004.mp4
video,c004,cf61cfb8bfbb77317aa7bb9340fbe1678e1b5dd9b89268cd74ee4b3320d8c7eb,video/demos/text/video/15_pan_left,video/demos/text/video/15_pan_left_c004,video/contents/video/c004.mp4
video,c004,cf61cfb8bfbb77317aa7bb9340fbe1678e1b5dd9b89268cd74ee4b3320d8c7eb,video/demos/reference/video/15_slide_13_case_15,video/demos/reference/video/15_slide_13_case_15_c004,video/contents/video/c004.mp4
video,c004,cf61cfb8bfbb77317aa7bb9340fbe1678e1b5dd9b89268cd74ee4b3320d8c7eb,video/demos/text/video/16_roll_clockwise,video/demos/text/video/16_roll_clockwise_c004,video/contents/video/c004.mp4
video,c004,cf61cfb8bfbb77317aa7bb9340fbe1678e1b5dd9b89268cd74ee4b3320d8c7eb,video/demos/reference/video/16_slide_13_case_16,video/demos/reference/video/16_slide_13_case_16_c004,video/contents/video/c004.mp4
video,c004,cf61cfb8bfbb77317aa7bb9340fbe1678e1b5dd9b89268cd74ee4b3320d8c7eb,video/demos/text/video/17_arc_right_down,video/demos/text/video/17_arc_right_down_c004,video/contents/video/c004.mp4
video,c004,cf61cfb8bfbb77317aa7bb9340fbe1678e1b5dd9b89268cd74ee4b3320d8c7eb,video/demos/reference/video/17_slide_13_case_17,video/demos/reference/video/17_slide_13_case_17_c004,video/contents/video/c004.mp4
video,c004,cf61cfb8bfbb77317aa7bb9340fbe1678e1b5dd9b89268cd74ee4b3320d8c7eb,video/demos/text/video/18_arc_left_down,video/demos/text/video/18_arc_left_down_c004,video/contents/video/c004.mp4
video,c004,cf61cfb8bfbb77317aa7bb9340fbe1678e1b5dd9b89268cd74ee4b3320d8c7eb,video/demos/reference/video/18_slide_13_case_18,video/demos/reference/video/18_slide_13_case_18_c004,video/contents/video/c004.mp4
video,c004,cf61cfb8bfbb77317aa7bb9340fbe1678e1b5dd9b89268cd74ee4b3320d8c7eb,video/demos/text/video/19_truck_left,video/demos/text/video/19_truck_left_c004,video/contents/video/c004.mp4
video,c004,cf61cfb8bfbb77317aa7bb9340fbe1678e1b5dd9b89268cd74ee4b3320d8c7eb,video/demos/text/video/20_pan_right,video/demos/text/video/20_pan_right_c004,video/contents/video/c004.mp4
video,c004,cf61cfb8bfbb77317aa7bb9340fbe1678e1b5dd9b89268cd74ee4b3320d8c7eb,video/demos/trajectory/video/21_slide_10_case_21,video/demos/trajectory/video/21_slide_10_case_21_c004,video/contents/video/c004.mp4
video,c004,cf61cfb8bfbb77317aa7bb9340fbe1678e1b5dd9b89268cd74ee4b3320d8c7eb,video/demos/text/video/21_truck_right,video/demos/text/video/21_truck_right_c004,video/contents/video/c004.mp4
video,c004,cf61cfb8bfbb77317aa7bb9340fbe1678e1b5dd9b89268cd74ee4b3320d8c7eb,video/demos/text/video/22_orbiting_left,video/demos/text/video/22_orbiting_left_c004,video/contents/video/c004.mp4
video,c004,cf61cfb8bfbb77317aa7bb9340fbe1678e1b5dd9b89268cd74ee4b3320d8c7eb,video/demos/text/video/23_roll_counterclockwise,video/demos/text/video/23_roll_counterclockwise_c004,video/contents/video/c004.mp4
video,c004,cf61cfb8bfbb77317aa7bb9340fbe1678e1b5dd9b89268cd74ee4b3320d8c7eb,video/demos/text/video/24_orbiting_right,video/demos/text/video/24_orbiting_right_c004,video/contents/video/c004.mp4
video,c005,2ed7e9fe082e1a1549e0773c26fd77612b2f51fb3fd75b321ec63f486b6e7066,video/demos/trajectory/video/13_slide_9_case_13,video/demos/trajectory/video/13_slide_9_case_13_c005,video/contents/video/c005.mp4
video,c005,2ed7e9fe082e1a1549e0773c26fd77612b2f51fb3fd75b321ec63f486b6e7066,video/demos/trajectory/video/20_slide_10_case_20,video/demos/trajectory/video/20_slide_10_case_20_c005,video/contents/video/c005.mp4
video,c005,2ed7e9fe082e1a1549e0773c26fd77612b2f51fb3fd75b321ec63f486b6e7066,video/demos/trajectory/video/22_slide_10_case_22,video/demos/trajectory/video/22_slide_10_case_22_c005,video/contents/video/c005.mp4
video,c006,a7500f49d2397673362aec95375ffec76fdec7402b82be366e54d11b7c130b97,video/demos/trajectory/video/14_slide_9_case_14,video/demos/trajectory/video/14_slide_9_case_14_c006,video/contents/video/c006.mp4
video,c007,e02a3085b021d73f80d37d3d602f4285ebc8cb4b9464570e0ec405a0e31f0474,video/demos/trajectory/video/15_slide_9_case_15,video/demos/trajectory/video/15_slide_9_case_15_c007,video/contents/video/c007.mp4
video,c008,3341029aa0186bcb0bd7099479194e5eb9fc00faae1dfe5f7d9568c5c10543d2,video/demos/trajectory/video/16_slide_9_case_16,video/demos/trajectory/video/16_slide_9_case_16_c008,video/contents/video/c008.mp4
video,c009,3121a2f9c24c7ed7a855fe49bc18d9a9835eb745b5266d2702e0bc6fc4166029,video/demos/trajectory/video/17_slide_9_case_17,video/demos/trajectory/video/17_slide_9_case_17_c009,video/contents/video/c009.mp4
video,c010,83cc5bb65b02365da4572c69659a25c38b87a6e4dd3f2f31c22e50f8f3038945,video/demos/reference/video/19_slide_14_case_19,video/demos/reference/video/19_slide_14_case_19_c010,video/contents/video/c010.mp4
video,c010,83cc5bb65b02365da4572c69659a25c38b87a6e4dd3f2f31c22e50f8f3038945,video/demos/reference/video/20_slide_14_case_20,video/demos/reference/video/20_slide_14_case_20_c010,video/contents/video/c010.mp4
video,c010,83cc5bb65b02365da4572c69659a25c38b87a6e4dd3f2f31c22e50f8f3038945,video/demos/reference/video/21_slide_14_case_21,video/demos/reference/video/21_slide_14_case_21_c010,video/contents/video/c010.mp4
video,c011,e6240da7d70988d716f31e05546ef1379a0ac9130bb4810a262bce20e99624e9,video/demos/reference/video/22_slide_14_case_22,video/demos/reference/video/22_slide_14_case_22_c011,video/contents/video/c011.mp4
video,c011,e6240da7d70988d716f31e05546ef1379a0ac9130bb4810a262bce20e99624e9,video/demos/reference/video/23_slide_14_case_23,video/demos/reference/video/23_slide_14_case_23_c011,video/contents/video/c011.mp4
video,c011,e6240da7d70988d716f31e05546ef1379a0ac9130bb4810a262bce20e99624e9,video/demos/reference/video/24_slide_14_case_24,video/demos/reference/video/24_slide_14_case_24_c011,video/contents/video/c011.mp4
video,c012,ca401bb13fa2b4a54db16cc40bbdd1548dcb9fae124a81b94ebdf9566e3808b5,video/demos/trajectory/video/23_slide_10_case_23,video/demos/trajectory/video/23_slide_10_case_23_c012,video/contents/video/c012.mp4
video,c013,58a72ab96fe85fa4e8e84d8b3124b392e318ff660f1995eac6dfb5f817252f93,video/demos/reference/video/25_slide_14_case_25,video/demos/reference/video/25_slide_14_case_25_c013,video/contents/video/c013.mp4
video,c013,58a72ab96fe85fa4e8e84d8b3124b392e318ff660f1995eac6dfb5f817252f93,video/demos/reference/video/26_slide_14_case_26,video/demos/reference/video/26_slide_14_case_26_c013,video/contents/video/c013.mp4
video,c013,58a72ab96fe85fa4e8e84d8b3124b392e318ff660f1995eac6dfb5f817252f93,video/demos/reference/video/27_slide_14_case_27,video/demos/reference/video/27_slide_14_case_27_c013,video/contents/video/c013.mp4
video,c014,137193f4e026c2dce88b503ad015fa67afa1a9aca3370cdb4fc3ff191883a495,video/demos/reference/video/28_slide_15_case_28,video/demos/reference/video/28_slide_15_case_28_c014,video/contents/video/c014.mp4
video,c014,137193f4e026c2dce88b503ad015fa67afa1a9aca3370cdb4fc3ff191883a495,video/demos/reference/video/29_slide_15_case_29,video/demos/reference/video/29_slide_15_case_29_c014,video/contents/video/c014.mp4
video,c014,137193f4e026c2dce88b503ad015fa67afa1a9aca3370cdb4fc3ff191883a495,video/demos/reference/video/30_slide_15_case_30,video/demos/reference/video/30_slide_15_case_30_c014,video/contents/video/c014.mp4
video,c015,46bf9852da28ad37782aa6d635685c725806b3c6cd6e155ea0eebc12a8e83f58,video/demos/reference/video/31_slide_15_case_31,video/demos/reference/video/31_slide_15_case_31_c015,video/contents/video/c015.mp4
video,c015,46bf9852da28ad37782aa6d635685c725806b3c6cd6e155ea0eebc12a8e83f58,video/demos/reference/video/32_slide_15_case_32,video/demos/reference/video/32_slide_15_case_32_c015,video/contents/video/c015.mp4
video,c015,46bf9852da28ad37782aa6d635685c725806b3c6cd6e155ea0eebc12a8e83f58,video/demos/reference/video/33_slide_15_case_33,video/demos/reference/video/33_slide_15_case_33_c015,video/contents/video/c015.mp4
video,c016,6beeaf83fdac62fde2edea183f2369e73385ba14df5ba097deb680413c31b082,video/demos/reference/video/34_slide_15_case_34,video/demos/reference/video/34_slide_15_case_34_c016,video/contents/video/c016.mp4
video,c016,6beeaf83fdac62fde2edea183f2369e73385ba14df5ba097deb680413c31b082,video/demos/reference/video/35_slide_15_case_35,video/demos/reference/video/35_slide_15_case_35_c016,video/contents/video/c016.mp4
